Abies,,,
Abietinella,,,
Acalypha,,,
Acalypha,,,
Acalypha,,,
Acer,,,
Acer,,,
Acer,,,
Acer,,,
Acer,,,
Acer,,,
Acer,,,
Acer,,,
Acer,,,
Acorus,,,
Actea,,,
Actea,,,
Adiantum,,,
Adiantum,,,
Aldumia,,,
Adonis,,,
Adonis,,,
Aegopodium,,,
Aethusa,,,
Agalinis ,,,
Agalinis ,,,
Agalinis ,,,
Agalinis ,,,
Agastache,,,
Agrimonia,,,
Agrimonia,,,
Agrimonia,,,
Agrostemma,,,
Agrostis ,,,
Agrostis ,,,
Agrostis ,,,
Agrostis ,,,
Ailanthus ,,,
Aira ,,,
Ajuga ,,,
Ajuga ,,,
Albiza ,,,
Alisma ,,,
Alisma,,,
Alisma,,,
Alisma,,,
Alliaria,,,
Allium,,,
Allium,,,
Allium,,,
Allium,,,
Alnus,,,
,,,